MSE,05,10,15
0.05,0.011898,0.006779,0.001968
0.15,0.03727,0.021504,0.006696
0.25,0.06836,0.040011,0.0131
0.35,0.102032,0.060794,0.020708
0.45,0.136891,0.08271,0.029172
0.55,0.172055,0.105864,0.038469
0.65,0.207285,0.12953,0.048209
0.75,0.241888,0.153378,0.058502
0.85,0.275583,0.177191,0.069212
0.95,0.308548,0.201239,0.080163
1.05,0.34063,0.224883,0.091268
1.15,0.371694,0.248378,0.102599
1.25,0.401555,0.271482,0.114187
1.35,0.430399,0.294086,0.125551
1.45,0.457994,0.316415,0.137061
1.55,0.484423,0.338022,0.148627
1.65,0.509536,0.359199,0.160344
1.75,0.533671,0.379819,0.171894
1.85,0.556821,0.399959,0.183517
1.95,0.578712,0.419378,0.19505
2.05,0.599632,0.438493,0.206508
2.15,0.619662,0.456826,0.217801
2.25,0.638712,0.474657,0.228905
2.35,0.656766,0.492023,0.240147
2.45,0.673992,0.50875,0.251032
2.55,0.690339,0.525033,0.261701
2.65,0.705846,0.540653,0.272384
2.75,0.720561,0.555878,0.282942
2.85,0.73462,0.570582,0.293445
2.95,0.747872,0.58483,0.303574
3.05,0.760426,0.598523,0.31372
3.15,0.772331,0.611812,0.323823
3.25,0.783512,0.624472,0.333626
3.35,0.794252,0.636811,0.343281
3.45,0.804336,0.648871,0.352752
3.55,0.814087,0.660384,0.362095
3.65,0.823207,0.671545,0.371415
3.75,0.831936,0.682341,0.380551
3.85,0.840213,0.692764,0.389431
3.95,0.84811,0.702883,0.39837
4.05,0.855588,0.712634,0.407049
4.15,0.862637,0.721952,0.415669
4.25,0.869395,0.730898,0.42425
4.35,0.875863,0.739641,0.432469
4.45,0.882004,0.748195,0.440607
4.55,0.887752,0.756289,0.448611
4.65,0.893217,0.764148,0.456498
4.75,0.898397,0.771693,0.46418
4.85,0.903392,0.77907,0.471892
4.95,0.908092,0.786175,0.479546
5.05,0.912566,0.793057,0.486894
5.15,0.916758,0.799663,0.494227
5.25,0.920739,0.805995,0.501407
5.35,0.924589,0.812221,0.508421
5.45,0.928165,0.818227,0.51533
5.55,0.931606,0.823992,0.522035
5.65,0.934861,0.829651,0.528688
5.75,0.938008,0.834974,0.535272
5.85,0.940971,0.840159,0.541725
5.95,0.943728,0.845194,0.548149
6.05,0.946419,0.850054,0.554361
6.15,0.948984,0.85465,0.560575
6.25,0.951368,0.85916,0.56673
6.35,0.953688,0.863493,0.572658
6.45,0.955863,0.867713,0.57857
6.55,0.957938,0.871787,0.584305
6.65,0.959888,0.875718,0.589837
6.75,0.961783,0.879584,0.595399
6.85,0.963624,0.883304,0.600927
6.95,0.965329,0.886918,0.606356
7.05,0.966937,0.890408,0.611777
7.15,0.968476,0.893728,0.616983
7.25,0.969946,0.896905,0.622076
7.35,0.971309,0.900005,0.627117
7.45,0.972646,0.903068,0.632116
7.55,0.973888,0.906002,0.637032
7.65,0.975117,0.908852,0.641849
7.75,0.976284,0.911611,0.646631
7.85,0.977348,0.914304,0.651308
7.95,0.978444,0.916813,0.65593
8.05,0.979403,0.91935,0.660492
8.15,0.980336,0.921764,0.66493
8.25,0.981238,0.924135,0.669302
8.35,0.982075,0.926451,0.673632
8.45,0.982844,0.928616,0.677939
8.55,0.983612,0.930744,0.682126
8.65,0.984375,0.932811,0.686289
8.75,0.985082,0.934814,0.690353
8.85,0.985763,0.93676,0.694399
8.95,0.986425,0.938628,0.698295
9.05,0.987044,0.940398,0.702171
9.15,0.987633,0.942224,0.70601
9.25,0.988176,0.943904,0.709806
9.35,0.98868,0.9455,0.713496
9.45,0.989172,0.947073,0.71719
9.55,0.989669,0.948605,0.720804
9.65,0.990131,0.950102,0.724383
9.75,0.990577,0.951495,0.727919
9.85,0.990988,0.952882,0.731427
9.95,0.991398,0.95422,0.734734
10.05,0.99179,0.955582,0.738069
10.15,0.992154,0.956851,0.741351
10.25,0.992499,0.958086,0.744598
10.35,0.992844,0.959243,0.747766
10.45,0.993164,0.960425,0.750955
10.55,0.993468,0.961572,0.75411
10.65,0.993748,0.962639,0.757173
10.75,0.994034,0.963698,0.760286
10.85,0.99431,0.964743,0.763218
10.95,0.994557,0.96572,0.766173
11.05,0.994804,0.966659,0.769094
11.15,0.995023,0.967593,0.771947
11.25,0.995241,0.968494,0.774707
11.35,0.995455,0.969341,0.7774
11.45,0.995655,0.970176,0.780153
11.55,0.995843,0.971012,0.782847
11.65,0.996027,0.9718,0.785506
11.75,0.996191,0.972578,0.788119
11.85,0.996354,0.973359,0.790694
11.95,0.996506,0.974103,0.793183
12.05,0.996664,0.974818,0.795684
12.15,0.996814,0.975517,0.798177
12.25,0.996946,0.976184,0.800575
12.35,0.997057,0.976829,0.802958
12.45,0.99719,0.97746,0.805312
12.55,0.997313,0.978073,0.807608
12.65,0.997445,0.978677,0.809902
12.75,0.997561,0.979238,0.812118
12.85,0.997665,0.979813,0.81435
12.95,0.997771,0.98038,0.816561
13.05,0.997863,0.980913,0.81874
13.15,0.997962,0.981439,0.820938
13.25,0.998043,0.981946,0.823123
13.35,0.998128,0.982426,0.825255
13.45,0.998211,0.982894,0.82731
13.55,0.998292,0.983344,0.829309
13.65,0.998365,0.983796,0.831303
13.75,0.998424,0.984228,0.833248
13.85,0.998494,0.98462,0.835171
13.95,0.99856,0.98505,0.837067
14.05,0.998628,0.985437,0.838964
14.15,0.998684,0.985845,0.840852
14.25,0.998741,0.986232,0.842718
14.35,0.998796,0.986632,0.844536
14.45,0.998839,0.986978,0.846322
14.55,0.998883,0.98732,0.848126
14.65,0.998925,0.987674,0.849868
14.75,0.998975,0.988011,0.851557
14.85,0.999018,0.988293,0.853246
14.95,0.999068,0.9886,0.854912
15.05,0.999106,0.988898,0.856561
15.15,0.999146,0.989189,0.85823
15.25,0.999179,0.989464,0.859845
15.35,0.999223,0.989766,0.861454
15.45,0.999249,0.990026,0.863021
15.55,0.999281,0.990305,0.864576
15.65,0.999311,0.990563,0.866137
15.75,0.999336,0.990811,0.867636
15.85,0.999363,0.991051,0.869143
15.95,0.999389,0.991268,0.870624
16.05,0.999413,0.99151,0.872118
16.15,0.999438,0.991722,0.873528
16.25,0.999466,0.991944,0.874957
16.35,0.99949,0.992143,0.876356
16.45,0.999513,0.992338,0.87772
16.55,0.999537,0.99255,0.879098
16.65,0.999557,0.992758,0.88046
16.75,0.999575,0.99295,0.881786
16.85,0.999588,0.99313,0.883145
16.95,0.999606,0.993302,0.88443
17.05,0.999627,0.993476,0.885652
17.15,0.99964,0.993644,0.886928
17.25,0.999653,0.993828,0.888156
17.35,0.999663,0.993983,0.889387
17.45,0.999673,0.994137,0.890612
17.55,0.999693,0.99429,0.891819
17.65,0.999703,0.994426,0.892999
17.75,0.999723,0.994566,0.8942
17.85,0.999735,0.994707,0.895327
17.95,0.999743,0.994833,0.896498
18.05,0.99975,0.99496,0.897634
18.15,0.999761,0.99509,0.898795
18.25,0.999775,0.995215,0.899909
18.35,0.999784,0.995338,0.901004
18.45,0.999793,0.995451,0.902073
18.55,0.999806,0.995561,0.903148
18.65,0.999813,0.995675,0.904206
18.75,0.99982,0.995792,0.905201
18.85,0.999825,0.995885,0.906195
18.95,0.99983,0.996,0.907199
19.05,0.999837,0.996097,0.908228
19.15,0.999843,0.996185,0.909201
19.25,0.999848,0.996294,0.910144
19.35,0.999853,0.99638,0.911086
19.45,0.999859,0.996466,0.912071
19.55,0.999866,0.996556,0.913017
19.65,0.999872,0.996647,0.913916
19.75,0.999877,0.996722,0.914822
19.85,0.999881,0.996805,0.915725
19.95,0.999884,0.996876,0.916607
20.05,0.999888,0.996953,0.917496
20.15,0.999894,0.997029,0.918378
20.25,0.999898,0.997104,0.91921
20.35,0.999901,0.997179,0.92007
20.45,0.999907,0.997253,0.920899
20.55,0.999911,0.997322,0.921746
20.65,0.999913,0.997389,0.922597
20.75,0.999916,0.997456,0.923402
20.85,0.999918,0.997512,0.924192
20.95,0.999921,0.997568,0.924967
21.05,0.999923,0.997628,0.925735
21.15,0.999925,0.997684,0.926522
21.25,0.999928,0.99774,0.927246
21.35,0.999931,0.997795,0.927997
21.45,0.999933,0.997856,0.928741
21.55,0.999936,0.997907,0.929496
21.65,0.999939,0.997951,0.930243
21.75,0.999941,0.997994,0.93096
21.85,0.999943,0.99804,0.931709
21.95,0.999946,0.998088,0.932378
22.05,0.999947,0.998142,0.933092
22.15,0.999948,0.998191,0.933769
22.25,0.99995,0.998238,0.934451
22.35,0.999952,0.998289,0.935101
22.45,0.999952,0.99833,0.935758
22.55,0.999953,0.998369,0.93641
22.65,0.999954,0.998403,0.937087
22.75,0.999955,0.998432,0.937752
22.85,0.999956,0.998481,0.938415
22.95,0.999959,0.998519,0.939052
23.05,0.999961,0.998556,0.939651
23.15,0.999963,0.998596,0.940267
23.25,0.999964,0.998618,0.940874
23.35,0.999967,0.998651,0.941455
23.45,0.999968,0.998684,0.942047
23.55,0.999969,0.998718,0.942653
23.65,0.99997,0.998754,0.943229
23.75,0.999972,0.998781,0.943807
23.85,0.999973,0.998813,0.944373
23.95,0.999974,0.998842,0.944915
24.05,0.999976,0.998871,0.945475
24.15,0.999976,0.998899,0.946034
24.25,0.999977,0.998922,0.946564
24.35,0.999977,0.998945,0.947106
24.45,0.999979,0.998975,0.947623
24.55,0.99998,0.998998,0.948146
24.65,0.99998,0.999026,0.948674
24.75,0.999981,0.999045,0.94919
24.85,0.999981,0.999068,0.949701
24.95,0.999982,0.999086,0.950184
25.05,0.999983,0.999107,0.950698
25.15,0.999985,0.999127,0.951184
25.25,0.999986,0.999153,0.951674
25.35,0.999986,0.999178,0.952151
25.45,0.999987,0.999194,0.952597
25.55,0.999987,0.99921,0.953064
25.65,0.999987,0.999228,0.953528
25.75,0.999987,0.999244,0.953976
25.85,0.999987,0.999266,0.954428
25.95,0.999988,0.999282,0.954876
26.05,0.999988,0.999297,0.955328
26.15,0.999989,0.999312,0.95576
26.25,0.999989,0.999326,0.956228
26.35,0.99999,0.99934,0.956648
26.45,0.99999,0.999357,0.957053
26.55,0.999991,0.999372,0.957471
26.65,0.999992,0.999387,0.957907
26.75,0.999992,0.9994,0.958323
26.85,0.999992,0.999414,0.958745
26.95,0.999993,0.999434,0.959164
27.05,0.999993,0.999446,0.95957
27.15,0.999993,0.99946,0.959956
27.25,0.999994,0.99947,0.960334
27.35,0.999994,0.999481,0.960727
27.45,0.999994,0.999492,0.961112
27.55,0.999994,0.999503,0.961507
27.65,0.999994,0.999514,0.96189
27.75,0.999994,0.999525,0.962239
27.85,0.999994,0.999536,0.962619
27.95,0.999994,0.999547,0.96298
28.05,0.999995,0.999556,0.963344
28.15,0.999995,0.999568,0.963695
28.25,0.999997,0.999577,0.964041
28.35,0.999997,0.999589,0.964406
28.45,0.999997,0.9996,0.964755
28.55,0.999997,0.99961,0.965087
28.65,0.999997,0.99962,0.96542
28.75,0.999997,0.999628,0.965748
28.85,0.999997,0.999638,0.966082
28.95,0.999997,0.999644,0.966406
29.05,0.999997,0.999651,0.966734
29.15,0.999997,0.999658,0.967069
29.25,0.999998,0.999665,0.967391
29.35,0.999998,0.999672,0.967709
29.45,0.999998,0.999676,0.968022
29.55,0.999998,0.999681,0.968326
29.65,0.999998,0.999684,0.968637
29.75,0.999999,0.999691,0.968921
29.85,0.999999,0.999699,0.969207
29.95,0.999999,0.999705,0.969491
30.05,0.999999,0.999714,0.969791
30.15,0.999999,0.99972,0.970087
30.25,0.999999,0.999725,0.970385
30.35,0.999999,0.999736,0.970669
30.45,0.999999,0.999741,0.970959
30.55,0.999999,0.999749,0.971235
30.65,0.999999,0.999754,0.971517
30.75,0.999999,0.99976,0.97179
30.85,0.999999,0.999769,0.972052
30.95,0.999999,0.999772,0.972319
31.05,0.999999,0.999776,0.972584
31.15,0.999999,0.999784,0.972839
31.25,0.999999,0.99979,0.973101
31.35,0.999999,0.999797,0.973347
31.45,0.999999,0.999801,0.973598
31.55,0.999999,0.999805,0.973825
31.65,0.999999,0.99981,0.974072
31.75,0.999999,0.999813,0.974303
31.85,0.999999,0.999817,0.97455
31.95,0.999999,0.999822,0.974778
32.05,0.999999,0.999827,0.975031
32.15,0.999999,0.999833,0.975273
32.25,0.999999,0.999835,0.975501
32.35,0.999999,0.999837,0.975739
32.45,0.999999,0.99984,0.975965
32.55,0.999999,0.999845,0.976203
32.65,0.999999,0.999848,0.976419
32.75,0.999999,0.999852,0.97664
32.85,0.999999,0.999854,0.976875
32.95,0.999999,0.999856,0.977088
33.05,0.999999,0.999858,0.977305
33.15,0.999999,0.999864,0.9775
33.25,0.999999,0.999866,0.977708
33.35,0.999999,0.999868,0.977918
33.45,0.999999,0.999871,0.978125
33.55,1.0,0.999874,0.9783
33.65,1.0,0.999877,0.978513
33.75,1.0,0.999879,0.978693
33.85,1.0,0.999882,0.978884
33.95,1.0,0.999884,0.979078
34.05,1.0,0.999886,0.979267
34.15,1.0,0.99989,0.979465
34.25,1.0,0.999893,0.979647
34.35,1.0,0.999896,0.979831
34.45,1.0,0.999899,0.980027
34.55,1.0,0.9999,0.98022
34.65,1.0,0.999903,0.980394
34.75,1.0,0.999904,0.980564
34.85,1.0,0.999906,0.980745
34.95,1.0,0.999909,0.980912
35.05,1.0,0.999911,0.981088
35.15,1.0,0.999912,0.981247
35.25,1.0,0.999915,0.981417
35.35,1.0,0.999917,0.981586
35.45,1.0,0.999918,0.981755
35.55,1.0,0.999919,0.981926
35.65,1.0,0.99992,0.98209
35.75,1.0,0.999922,0.982253
35.85,1.0,0.999924,0.982424
35.95,1.0,0.999927,0.982578
36.05,1.0,0.999927,0.98274
36.15,1.0,0.999928,0.98289
36.25,1.0,0.99993,0.983045
36.35,1.0,0.999932,0.983202
36.45,1.0,0.999934,0.983351
36.55,1.0,0.999937,0.983504
36.65,1.0,0.999938,0.983645
36.75,1.0,0.999939,0.983784
36.85,1.0,0.99994,0.983921
36.95,1.0,0.99994,0.98406
37.05,1.0,0.99994,0.984195
37.15,1.0,0.999941,0.984335
37.25,1.0,0.999943,0.984487
37.35,1.0,0.999945,0.98462
37.45,1.0,0.999947,0.984758
37.55,1.0,0.999949,0.984883
37.65,1.0,0.999951,0.984997
37.75,1.0,0.999953,0.985128
37.85,1.0,0.999954,0.98525
37.95,1.0,0.999956,0.985389
38.05,1.0,0.999958,0.985509
38.15,1.0,0.999959,0.985638
38.25,1.0,0.999959,0.985756
38.35,1.0,0.999959,0.985888
38.45,1.0,0.999961,0.986004
38.55,1.0,0.999962,0.986132
38.65,1.0,0.999963,0.986256
38.75,1.0,0.999964,0.986367
38.85,1.0,0.999965,0.986487
38.95,1.0,0.999967,0.986615
39.05,1.0,0.999968,0.986731
39.15,1.0,0.999969,0.986843
39.25,1.0,0.99997,0.986953
39.35,1.0,0.999971,0.98707
39.45,1.0,0.999972,0.98719
39.55,1.0,0.999974,0.9873
39.65,1.0,0.999974,0.987401
39.75,1.0,0.999974,0.987521
39.85,1.0,0.999974,0.987631
39.95,1.0,0.999974,0.987742
40.05,1.0,0.999975,0.987863
40.15,1.0,0.999976,0.987978
40.25,1.0,0.999976,0.988082
40.35,1.0,0.999976,0.988199
40.45,1.0,0.999977,0.988308
40.55,1.0,0.999978,0.988415
40.65,1.0,0.999979,0.98851
40.75,1.0,0.999979,0.988624
40.85,1.0,0.99998,0.988727
40.95,1.0,0.999981,0.98884
41.05,1.0,0.999982,0.988949
41.15,1.0,0.999982,0.989046
41.25,1.0,0.999982,0.989135
41.35,1.0,0.999983,0.989224
41.45,1.0,0.999983,0.98932
41.55,1.0,0.999983,0.989412
41.65,1.0,0.999984,0.989498
41.75,1.0,0.999985,0.989589
41.85,1.0,0.999986,0.989677
41.95,1.0,0.999986,0.989769
42.05,1.0,0.999987,0.98986
42.15,1.0,0.999988,0.989946
42.25,1.0,0.999988,0.99003
42.35,1.0,0.999988,0.990107
42.45,1.0,0.999988,0.99019
42.55,1.0,0.999988,0.990265
42.65,1.0,0.999989,0.990355
42.75,1.0,0.999989,0.990443
42.85,1.0,0.999989,0.990534
42.95,1.0,0.999989,0.990628
43.05,1.0,0.99999,0.990711
43.15,1.0,0.99999,0.990802
43.25,1.0,0.99999,0.990878
43.35,1.0,0.99999,0.990954
43.45,1.0,0.999991,0.991029
43.55,1.0,0.999992,0.991111
43.65,1.0,0.999992,0.991182
43.75,1.0,0.999992,0.991261
43.85,1.0,0.999992,0.991338
43.95,1.0,0.999992,0.991403
44.05,1.0,0.999992,0.991481
44.15,1.0,0.999992,0.991552
44.25,1.0,0.999992,0.99164
44.35,1.0,0.999992,0.991724
44.45,1.0,0.999992,0.991799
44.55,1.0,0.999992,0.991875
44.65,1.0,0.999992,0.991943
44.75,1.0,0.999992,0.99201
44.85,1.0,0.999992,0.992082
44.95,1.0,0.999992,0.992162
45.05,1.0,0.999992,0.992232
45.15,1.0,0.999993,0.992303
45.25,1.0,0.999993,0.992375
45.35,1.0,0.999993,0.992439
45.45,1.0,0.999993,0.992507
45.55,1.0,0.999993,0.99257
45.65,1.0,0.999993,0.992637
45.75,1.0,0.999993,0.992706
45.85,1.0,0.999993,0.992769
45.95,1.0,0.999993,0.992829
46.05,1.0,0.999993,0.992886
46.15,1.0,0.999993,0.992939
46.25,1.0,0.999993,0.993001
46.35,1.0,0.999993,0.993069
46.45,1.0,0.999993,0.993128
46.55,1.0,0.999993,0.993178
46.65,1.0,0.999993,0.993238
46.75,1.0,0.999993,0.993299
46.85,1.0,0.999993,0.993353
46.95,1.0,0.999993,0.993419
47.05,1.0,0.999994,0.99347
47.15,1.0,0.999994,0.99353
47.25,1.0,0.999994,0.993583
47.35,1.0,0.999994,0.993634
47.45,1.0,0.999994,0.993679
47.55,1.0,0.999994,0.993732
47.65,1.0,0.999994,0.99378
47.75,1.0,0.999994,0.993841
47.85,1.0,0.999994,0.993899
47.95,1.0,0.999994,0.993954
48.05,1.0,0.999994,0.994007
48.15,1.0,0.999994,0.994061
48.25,1.0,0.999994,0.994106
48.35,1.0,0.999994,0.994159
48.45,1.0,0.999994,0.994214
48.55,1.0,0.999994,0.994258
48.65,1.0,0.999994,0.994303
48.75,1.0,0.999995,0.994353
48.85,1.0,0.999995,0.994399
48.95,1.0,0.999995,0.994448
49.05,1.0,0.999995,0.994496
49.15,1.0,0.999995,0.994543
49.25,1.0,0.999995,0.994583
49.35,1.0,0.999995,0.994617
49.45,1.0,0.999995,0.994665
49.55,1.0,0.999995,0.994704
49.65,1.0,0.999996,0.994754
49.75,1.0,0.999996,0.994798
49.85,1.0,0.999996,0.994838
49.95,1.0,0.999996,0.994878
50.05,1.0,0.999997,0.994922
50.15,1.0,0.999997,0.994959
50.25,1.0,0.999997,0.995002
50.35,1.0,0.999997,0.995041
50.45,1.0,0.999997,0.995084
50.55,1.0,0.999997,0.995122
50.65,1.0,0.999997,0.995172
50.75,1.0,0.999997,0.99521
50.85,1.0,0.999997,0.99525
50.95,1.0,0.999997,0.995295
51.05,1.0,0.999997,0.995335
51.15,1.0,0.999997,0.995374
51.25,1.0,0.999997,0.99542
51.35,1.0,0.999997,0.995455
51.45,1.0,0.999997,0.995486
51.55,1.0,0.999998,0.995518
51.65,1.0,0.999998,0.995566
51.75,1.0,0.999998,0.995601
51.85,1.0,0.999998,0.995641
51.95,1.0,0.999998,0.995682
52.05,1.0,0.999998,0.995715
52.15,1.0,0.999998,0.995753
52.25,1.0,0.999998,0.995797
52.35,1.0,0.999998,0.995828
52.45,1.0,0.999998,0.99586
52.55,1.0,0.999998,0.995898
52.65,1.0,0.999998,0.995936
52.75,1.0,0.999999,0.995965
52.85,1.0,0.999999,0.996002
52.95,1.0,0.999999,0.996041
53.05,1.0,0.999999,0.996081
53.15,1.0,0.999999,0.996116
53.25,1.0,0.999999,0.996146
53.35,1.0,0.999999,0.996186
53.45,1.0,0.999999,0.996216
53.55,1.0,0.999999,0.996254
53.65,1.0,0.999999,0.996289
53.75,1.0,0.999999,0.99632
53.85,1.0,0.999999,0.996354
53.95,1.0,0.999999,0.996389
54.05,1.0,0.999999,0.996419
54.15,1.0,0.999999,0.996448
54.25,1.0,0.999999,0.996483
54.35,1.0,0.999999,0.996513
54.45,1.0,0.999999,0.996551
54.55,1.0,0.999999,0.996583
54.65,1.0,0.999999,0.996614
54.75,1.0,0.999999,0.996647
54.85,1.0,0.999999,0.996669
54.95,1.0,0.999999,0.996702
55.05,1.0,0.999999,0.996731
55.15,1.0,0.999999,0.996753
55.25,1.0,0.999999,0.996785
55.35,1.0,0.999999,0.996816
55.45,1.0,0.999999,0.996851
55.55,1.0,0.999999,0.996876
55.65,1.0,1.0,0.996904
55.75,1.0,1.0,0.996928
55.85,1.0,1.0,0.996958
55.95,1.0,1.0,0.996984
56.05,1.0,1.0,0.997007
56.15,1.0,1.0,0.997034
56.25,1.0,1.0,0.997056
56.35,1.0,1.0,0.997087
56.45,1.0,1.0,0.997111
56.55,1.0,1.0,0.997135
56.65,1.0,1.0,0.997158
56.75,1.0,1.0,0.99718
56.85,1.0,1.0,0.997206
56.95,1.0,1.0,0.997227
57.05,1.0,1.0,0.997257
57.15,1.0,1.0,0.997286
57.25,1.0,1.0,0.997316
57.35,1.0,1.0,0.997336
57.45,1.0,1.0,0.997361
57.55,1.0,1.0,0.997374
57.65,1.0,1.0,0.997391
57.75,1.0,1.0,0.997408
57.85,1.0,1.0,0.99743
57.95,1.0,1.0,0.997455
58.05,1.0,1.0,0.997479
58.15,1.0,1.0,0.9975
58.25,1.0,1.0,0.997521
58.35,1.0,1.0,0.997537
58.45,1.0,1.0,0.997565
58.55,1.0,1.0,0.997583
58.65,1.0,1.0,0.997609
58.75,1.0,1.0,0.997637
58.85,1.0,1.0,0.99766
58.95,1.0,1.0,0.997677
59.05,1.0,1.0,0.997696
59.15,1.0,1.0,0.99771
59.25,1.0,1.0,0.997736
59.35,1.0,1.0,0.997756
59.45,1.0,1.0,0.997771
59.55,1.0,1.0,0.99779
59.65,1.0,1.0,0.997808
59.75,1.0,1.0,0.997831
59.85,1.0,1.0,0.997851
59.95,1.0,1.0,0.997865
60.05,1.0,1.0,0.997885
60.15,1.0,1.0,0.997903
60.25,1.0,1.0,0.997921
60.35,1.0,1.0,0.99794
60.45,1.0,1.0,0.99796
60.55,1.0,1.0,0.997975
60.65,1.0,1.0,0.997992
60.75,1.0,1.0,0.998007
60.85,1.0,1.0,0.998024
60.95,1.0,1.0,0.998042
61.05,1.0,1.0,0.99806
61.15,1.0,1.0,0.998071
61.25,1.0,1.0,0.998085
61.35,1.0,1.0,0.998101
61.45,1.0,1.0,0.998113
61.55,1.0,1.0,0.998124
61.65,1.0,1.0,0.998144
61.75,1.0,1.0,0.998159
61.85,1.0,1.0,0.998173
61.95,1.0,1.0,0.998192
62.05,1.0,1.0,0.998212
62.15,1.0,1.0,0.998225
62.25,1.0,1.0,0.998238
62.35,1.0,1.0,0.998251
62.45,1.0,1.0,0.998261
62.55,1.0,1.0,0.998277
62.65,1.0,1.0,0.99829
62.75,1.0,1.0,0.998302
62.85,1.0,1.0,0.998319
62.95,1.0,1.0,0.998334
63.05,1.0,1.0,0.998351
63.15,1.0,1.0,0.998364
63.25,1.0,1.0,0.998376
63.35,1.0,1.0,0.99839
63.45,1.0,1.0,0.998404
63.55,1.0,1.0,0.998413
63.65,1.0,1.0,0.998423
63.75,1.0,1.0,0.998436
63.85,1.0,1.0,0.998451
63.95,1.0,1.0,0.998469
64.05,1.0,1.0,0.998481
64.15,1.0,1.0,0.998493
64.25,1.0,1.0,0.998504
64.35,1.0,1.0,0.998515
64.45,1.0,1.0,0.998528
64.55,1.0,1.0,0.998537
64.65,1.0,1.0,0.998548
64.75,1.0,1.0,0.998559
64.85,1.0,1.0,0.998568
64.95,1.0,1.0,0.998583
65.05,1.0,1.0,0.998594
65.15,1.0,1.0,0.998613
65.25,1.0,1.0,0.998625
65.35,1.0,1.0,0.998637
65.45,1.0,1.0,0.998647
65.55,1.0,1.0,0.998656
65.65,1.0,1.0,0.998664
65.75,1.0,1.0,0.998673
65.85,1.0,1.0,0.998683
65.95,1.0,1.0,0.998694
66.05,1.0,1.0,0.998706
66.15,1.0,1.0,0.99872
66.25,1.0,1.0,0.998732
66.35,1.0,1.0,0.998747
66.45,1.0,1.0,0.998758
66.55,1.0,1.0,0.998764
66.65,1.0,1.0,0.998774
66.75,1.0,1.0,0.998784
66.85,1.0,1.0,0.998796
66.95,1.0,1.0,0.998803
67.05,1.0,1.0,0.998814
67.15,1.0,1.0,0.998825
67.25,1.0,1.0,0.998834
67.35,1.0,1.0,0.998842
67.45,1.0,1.0,0.998849
67.55,1.0,1.0,0.99886
67.65,1.0,1.0,0.998867
67.75,1.0,1.0,0.998877
67.85,1.0,1.0,0.998888
67.95,1.0,1.0,0.998894
68.05,1.0,1.0,0.998904
68.15,1.0,1.0,0.998915
68.25,1.0,1.0,0.998925
68.35,1.0,1.0,0.99893
68.45,1.0,1.0,0.99894
68.55,1.0,1.0,0.998948
68.65,1.0,1.0,0.998955
68.75,1.0,1.0,0.998968
68.85,1.0,1.0,0.998978
68.95,1.0,1.0,0.998985
69.05,1.0,1.0,0.998992
69.15,1.0,1.0,0.999001
69.25,1.0,1.0,0.999007
69.35,1.0,1.0,0.999018
69.45,1.0,1.0,0.999023
69.55,1.0,1.0,0.99903
69.65,1.0,1.0,0.999038
69.75,1.0,1.0,0.999051
69.85,1.0,1.0,0.999061
69.95,1.0,1.0,0.999067
70.05,1.0,1.0,0.999075
70.15,1.0,1.0,0.999082
70.25,1.0,1.0,0.999089
70.35,1.0,1.0,0.999097
70.45,1.0,1.0,0.999106
70.55,1.0,1.0,0.999115
70.65,1.0,1.0,0.999122
70.75,1.0,1.0,0.999131
70.85,1.0,1.0,0.99914
70.95,1.0,1.0,0.999149
71.05,1.0,1.0,0.999155
71.15,1.0,1.0,0.999161
71.25,1.0,1.0,0.999168
71.35,1.0,1.0,0.999174
71.45,1.0,1.0,0.999181
71.55,1.0,1.0,0.999186
71.65,1.0,1.0,0.999192
71.75,1.0,1.0,0.999199
71.85,1.0,1.0,0.999205
71.95,1.0,1.0,0.999215
72.05,1.0,1.0,0.999222
72.15,1.0,1.0,0.999228
72.25,1.0,1.0,0.999235
72.35,1.0,1.0,0.999244
72.45,1.0,1.0,0.999249
72.55,1.0,1.0,0.999257
72.65,1.0,1.0,0.999263
72.75,1.0,1.0,0.99927
72.85,1.0,1.0,0.999279
72.95,1.0,1.0,0.999286
73.05,1.0,1.0,0.999293
73.15,1.0,1.0,0.9993
73.25,1.0,1.0,0.999307
73.35,1.0,1.0,0.999316
73.45,1.0,1.0,0.999321
73.55,1.0,1.0,0.999325
73.65,1.0,1.0,0.99933
73.75,1.0,1.0,0.999334
73.85,1.0,1.0,0.999337
73.95,1.0,1.0,0.999347
74.05,1.0,1.0,0.999354
74.15,1.0,1.0,0.999362
74.25,1.0,1.0,0.999364
74.35,1.0,1.0,0.999368
74.45,1.0,1.0,0.999372
74.55,1.0,1.0,0.99938
74.65,1.0,1.0,0.999386
74.75,1.0,1.0,0.999392
74.85,1.0,1.0,0.999399
74.95,1.0,1.0,0.999407
75.05,1.0,1.0,0.999413
75.15,1.0,1.0,0.999419
75.25,1.0,1.0,0.999424
75.35,1.0,1.0,0.999426
75.45,1.0,1.0,0.999431
75.55,1.0,1.0,0.999436
75.65,1.0,1.0,0.999441
75.75,1.0,1.0,0.999444
75.85,1.0,1.0,0.999449
75.95,1.0,1.0,0.999452
76.05,1.0,1.0,0.999457
76.15,1.0,1.0,0.99946
76.25,1.0,1.0,0.999466
76.35,1.0,1.0,0.99947
76.45,1.0,1.0,0.999471
76.55,1.0,1.0,0.999479
76.65,1.0,1.0,0.999484
76.75,1.0,1.0,0.999488
76.85,1.0,1.0,0.999494
76.95,1.0,1.0,0.999497
77.05,1.0,1.0,0.999503
77.15,1.0,1.0,0.999507
77.25,1.0,1.0,0.999508
77.35,1.0,1.0,0.999515
77.45,1.0,1.0,0.99952
77.55,1.0,1.0,0.999524
77.65,1.0,1.0,0.999532
77.75,1.0,1.0,0.999536
77.85,1.0,1.0,0.99954
77.95,1.0,1.0,0.999544
78.05,1.0,1.0,0.999549
78.15,1.0,1.0,0.999554
78.25,1.0,1.0,0.999558
78.35,1.0,1.0,0.999561
78.45,1.0,1.0,0.999564
78.55,1.0,1.0,0.99957
78.65,1.0,1.0,0.999573
78.75,1.0,1.0,0.999576
78.85,1.0,1.0,0.99958
78.95,1.0,1.0,0.999583
79.05,1.0,1.0,0.999586
79.15,1.0,1.0,0.999589
79.25,1.0,1.0,0.999592
79.35,1.0,1.0,0.999594
79.45,1.0,1.0,0.999596
79.55,1.0,1.0,0.9996
79.65,1.0,1.0,0.999605
79.75,1.0,1.0,0.999608
79.85,1.0,1.0,0.999612
79.95,1.0,1.0,0.999619
80.05,1.0,1.0,0.999621
80.15,1.0,1.0,0.999628
80.25,1.0,1.0,0.999635
80.35,1.0,1.0,0.999638
80.45,1.0,1.0,0.999641
80.55,1.0,1.0,0.999645
80.65,1.0,1.0,0.999648
80.75,1.0,1.0,0.999652
80.85,1.0,1.0,0.999656
80.95,1.0,1.0,0.999659
81.05,1.0,1.0,0.999662
81.15,1.0,1.0,0.999666
81.25,1.0,1.0,0.999669
81.35,1.0,1.0,0.999672
81.45,1.0,1.0,0.999676
81.55,1.0,1.0,0.99968
81.65,1.0,1.0,0.999682
81.75,1.0,1.0,0.999684
81.85,1.0,1.0,0.999686
81.95,1.0,1.0,0.999691
82.05,1.0,1.0,0.999696
82.15,1.0,1.0,0.999698
82.25,1.0,1.0,0.999701
82.35,1.0,1.0,0.999705
82.45,1.0,1.0,0.999706
82.55,1.0,1.0,0.99971
82.65,1.0,1.0,0.999715
82.75,1.0,1.0,0.999717
82.85,1.0,1.0,0.999719
82.95,1.0,1.0,0.999722
83.05,1.0,1.0,0.999725
83.15,1.0,1.0,0.999728
83.25,1.0,1.0,0.999731
83.35,1.0,1.0,0.999732
83.45,1.0,1.0,0.999735
83.55,1.0,1.0,0.999735
83.65,1.0,1.0,0.999736
83.75,1.0,1.0,0.99974
83.85,1.0,1.0,0.999743
83.95,1.0,1.0,0.999745
84.05,1.0,1.0,0.999747
84.15,1.0,1.0,0.999748
84.25,1.0,1.0,0.999753
84.35,1.0,1.0,0.999756
84.45,1.0,1.0,0.99976
84.55,1.0,1.0,0.999762
84.65,1.0,1.0,0.999767
84.75,1.0,1.0,0.99977
84.85,1.0,1.0,0.999774
84.95,1.0,1.0,0.999777
85.05,1.0,1.0,0.99978
85.15,1.0,1.0,0.999783
85.25,1.0,1.0,0.999785
85.35,1.0,1.0,0.999787
85.45,1.0,1.0,0.99979
85.55,1.0,1.0,0.999791
85.65,1.0,1.0,0.999793
85.75,1.0,1.0,0.999796
85.85,1.0,1.0,0.999796
85.95,1.0,1.0,0.999797
86.05,1.0,1.0,0.999799
86.15,1.0,1.0,0.9998
86.25,1.0,1.0,0.999804
86.35,1.0,1.0,0.999805
86.45,1.0,1.0,0.999807
86.55,1.0,1.0,0.999811
86.65,1.0,1.0,0.999811
86.75,1.0,1.0,0.999813
86.85,1.0,1.0,0.999815
86.95,1.0,1.0,0.999816
87.05,1.0,1.0,0.999818
87.15,1.0,1.0,0.99982
87.25,1.0,1.0,0.999821
87.35,1.0,1.0,0.999825
87.45,1.0,1.0,0.999827
87.55,1.0,1.0,0.999829
87.65,1.0,1.0,0.999832
87.75,1.0,1.0,0.999835
87.85,1.0,1.0,0.999837
87.95,1.0,1.0,0.99984
88.05,1.0,1.0,0.999841
88.15,1.0,1.0,0.999844
88.25,1.0,1.0,0.999845
88.35,1.0,1.0,0.999847
88.45,1.0,1.0,0.999848
88.55,1.0,1.0,0.999851
88.65,1.0,1.0,0.999853
88.75,1.0,1.0,0.999854
88.85,1.0,1.0,0.999856
88.95,1.0,1.0,0.999856
89.05,1.0,1.0,0.999858
89.15,1.0,1.0,0.99986
89.25,1.0,1.0,0.999862
89.35,1.0,1.0,0.999864
89.45,1.0,1.0,0.999867
89.55,1.0,1.0,0.999869
89.65,1.0,1.0,0.999869
89.75,1.0,1.0,0.999871
89.85,1.0,1.0,0.999872
89.95,1.0,1.0,0.999874
90.05,1.0,1.0,0.999875
90.15,1.0,1.0,0.999876
90.25,1.0,1.0,0.99988
90.35,1.0,1.0,0.999881
90.45,1.0,1.0,0.999882
90.55,1.0,1.0,0.999886
90.65,1.0,1.0,0.999889
90.75,1.0,1.0,0.999892
90.85,1.0,1.0,0.999893
90.95,1.0,1.0,0.999894
91.05,1.0,1.0,0.999897
91.15,1.0,1.0,0.999898
91.25,1.0,1.0,0.999899
91.35,1.0,1.0,0.999901
91.45,1.0,1.0,0.999903
91.55,1.0,1.0,0.999903
91.65,1.0,1.0,0.999904
91.75,1.0,1.0,0.999905
91.85,1.0,1.0,0.999907
91.95,1.0,1.0,0.999909
92.05,1.0,1.0,0.999913
92.15,1.0,1.0,0.999913
92.25,1.0,1.0,0.999915
92.35,1.0,1.0,0.999917
92.45,1.0,1.0,0.999919
92.55,1.0,1.0,0.999919
92.65,1.0,1.0,0.99992
92.75,1.0,1.0,0.999921
92.85,1.0,1.0,0.999921
92.95,1.0,1.0,0.999922
93.05,1.0,1.0,0.999924
93.15,1.0,1.0,0.999925
93.25,1.0,1.0,0.999928
93.35,1.0,1.0,0.999929
93.45,1.0,1.0,0.99993
93.55,1.0,1.0,0.999933
93.65,1.0,1.0,0.999933
93.75,1.0,1.0,0.999934
93.85,1.0,1.0,0.999935
93.95,1.0,1.0,0.999937
94.05,1.0,1.0,0.999938
94.15,1.0,1.0,0.99994
94.25,1.0,1.0,0.999941
94.35,1.0,1.0,0.999943
94.45,1.0,1.0,0.999944
94.55,1.0,1.0,0.999945
94.65,1.0,1.0,0.999946
94.75,1.0,1.0,0.999947
94.85,1.0,1.0,0.999949
94.95,1.0,1.0,0.999949
95.05,1.0,1.0,0.999951
95.15,1.0,1.0,0.999952
95.25,1.0,1.0,0.999952
95.35,1.0,1.0,0.999953
95.45,1.0,1.0,0.999953
95.55,1.0,1.0,0.999957
95.65,1.0,1.0,0.999959
95.75,1.0,1.0,0.999962
95.85,1.0,1.0,0.999963
95.95,1.0,1.0,0.999964
96.05,1.0,1.0,0.999965
96.15,1.0,1.0,0.999965
96.25,1.0,1.0,0.999968
96.35,1.0,1.0,0.999969
96.45,1.0,1.0,0.99997
96.55,1.0,1.0,0.999971
96.65,1.0,1.0,0.999972
96.75,1.0,1.0,0.999973
96.85,1.0,1.0,0.999974
96.95,1.0,1.0,0.999975
97.05,1.0,1.0,0.999975
97.15,1.0,1.0,0.999977
97.25,1.0,1.0,0.999977
97.35,1.0,1.0,0.999978
97.45,1.0,1.0,0.999979
97.55,1.0,1.0,0.999979
97.65,1.0,1.0,0.999979
97.75,1.0,1.0,0.99998
97.85,1.0,1.0,0.999981
97.95,1.0,1.0,0.999981
98.05,1.0,1.0,0.999984
98.15,1.0,1.0,0.999984
98.25,1.0,1.0,0.999985
98.35,1.0,1.0,0.999986
98.45,1.0,1.0,0.999987
98.55,1.0,1.0,0.999987
98.65,1.0,1.0,0.999988
98.75,1.0,1.0,0.999988
98.85,1.0,1.0,0.999988
98.95,1.0,1.0,0.999989
99.05,1.0,1.0,0.999989
99.15,1.0,1.0,0.99999
99.25,1.0,1.0,0.999991
99.35,1.0,1.0,0.999993
99.45,1.0,1.0,0.999993
99.55,1.0,1.0,0.999995
99.65,1.0,1.0,0.999997
99.75,1.0,1.0,0.999999
99.85,1.0,1.0,0.999999
99.95,1.0,1.0,1.0
