Psi,1.000397,1.116974,1.236451,1.358551,1.483029,1.609671,1.738286,1.868705,2.000777,2.134367,2.269354,2.40563,2.543095,2.681661,2.821246,2.961779,3.103192,3.245424,3.388419,3.532127,3.6765,3.821496,3.967074,4.113199,4.259835,4.406953,4.554522,4.702516,4.85091,4.999681
0,0.9749224999999996,0.9726814999999996,0.9690815000000004,0.9657275000000001,0.9624965000000002,0.9595520000000001,0.9560174999999997,0.9523834999999998,0.9498615,0.9460299999999998,0.9426180000000003,0.9397049999999998,0.9357964999999998,0.9323845000000004,0.928944,0.9256769999999999,0.9223415,0.9185240000000002,0.9142404999999998,0.9119355000000001,0.9079354999999998,0.9042985000000001,0.900703,0.8983545000000002,0.8939225,0.8905290000000001,0.8866610000000004,0.8841950000000001,0.8801005000000001,0.87734
1,0.9835929999999996,0.9822019999999997,0.9796910000000004,0.9773725000000001,0.9751260000000002,0.973284,0.9708374999999998,0.9682294999999999,0.9666645,0.9639309999999999,0.9615855000000003,0.9596569999999998,0.9568379999999999,0.9545830000000004,0.9520575,0.9500019999999999,0.947544,0.9448075000000002,0.9417089999999998,0.9403455000000002,0.9375049999999998,0.9350570000000001,0.932448,0.9309805000000002,0.9277569999999999,0.9254515000000001,0.9226925000000004,0.9211290000000001,0.9181415,0.916211
2,0.9891764999999996,0.9884914999999996,0.9868270000000005,0.9853105000000001,0.9838795000000001,0.9828585000000001,0.9812494999999998,0.9795209999999999,0.9785780000000001,0.9767669999999998,0.9752945000000003,0.9741384999999998,0.9722114999999999,0.9708700000000005,0.969118,0.9679469999999999,0.9662360000000001,0.9643375000000003,0.9621949999999998,0.9615905000000001,0.9597704999999999,0.9581880000000002,0.9563845000000001,0.9555745000000002,0.9533695,0.9518780000000001,0.9500295000000003,0.949123,0.9470575000000001,0.9459025
3,0.9925274999999996,0.9921854999999996,0.9910580000000004,0.9901085000000001,0.9891235000000002,0.9885980000000001,0.9875789999999998,0.9864894999999999,0.9859325000000001,0.9847084999999999,0.9838175000000002,0.9831759999999998,0.981852,0.9811140000000005,0.979985,0.9793729999999999,0.9781885000000001,0.9768845000000003,0.9754824999999998,0.9753660000000002,0.9743694999999999,0.9734525000000002,0.9722955000000001,0.9719470000000002,0.970436,0.9695600000000001,0.9684440000000003,0.9678640000000001,0.9666410000000001,0.966015
4,0.9950069999999995,0.9948239999999996,0.9941160000000004,0.9934755000000001,0.9928480000000002,0.9926210000000001,0.9919949999999997,0.9912849999999999,0.9910015000000001,0.9901914999999999,0.9897075000000002,0.9893594999999998,0.9885025,0.9881655000000005,0.9874505,0.9871129999999999,0.9864235000000001,0.9855180000000002,0.9846394999999998,0.9848260000000002,0.9842909999999999,0.9838485000000001,0.9832165,0.9831505000000003,0.98217,0.9817415,0.9811085000000003,0.9808545000000001,0.9801900000000001,0.9798399999999999
5,0.9968289999999995,0.9967599999999996,0.9963560000000005,0.995955,0.9955330000000002,0.9955015,0.9951119999999998,0.9946959999999999,0.9945640000000001,0.9940339999999999,0.9938270000000002,0.9936739999999998,0.9931745,0.9930145000000005,0.992625,0.9924564999999999,0.9920960000000001,0.9914800000000003,0.9909974999999998,0.9913370000000002,0.9910554999999999,0.9908545000000001,0.9905145000000001,0.9905675000000003,0.9900565,0.9899035,0.9896115000000003,0.9894930000000001,0.9892080000000001,0.9890635
6,0.9981084999999995,0.9980894999999996,0.9978935000000004,0.9976905,0.9974245000000003,0.9974850000000001,0.9972244999999997,0.9970474999999999,0.9969940000000002,0.9966884999999999,0.9966140000000002,0.9965499999999998,0.996335,0.9962595000000005,0.996074,0.9959944999999999,0.9958420000000001,0.9954630000000002,0.9951944999999998,0.9955645000000003,0.9954384999999999,0.9953790000000001,0.9952325000000001,0.9952835000000003,0.9950925,0.9950720000000001,0.9949350000000003,0.9949020000000001,0.9948025,0.994758
7,0.9989404999999996,0.9989469999999996,0.9988755000000005,0.9987885000000001,0.9986310000000003,0.9987220000000001,0.9985699999999997,0.9985304999999999,0.9985165000000001,0.9983274999999998,0.9983245000000002,0.9983004999999998,0.99825,0.9982405000000005,0.9981585000000001,0.9981384999999999,0.9981140000000002,0.9978740000000003,0.9977679999999998,0.9980725000000003,0.9979764999999999,0.9979880000000001,0.9979725,0.9980040000000003,0.9979365,0.9979450000000001,0.9979010000000004,0.9979555000000001,0.997907,0.9979115000000001
8,0.9994499999999996,0.9994539999999996,0.9994430000000005,0.999422,0.9993305000000002,0.9994155000000001,0.9993279999999998,0.9993479999999999,0.9993365000000002,0.9992324999999999,0.9992615000000001,0.9992699999999998,0.9992679999999999,0.9993020000000006,0.9992465,0.9992429999999999,0.9992625000000002,0.9991325000000003,0.9991109999999997,0.9992910000000003,0.999208,0.9992425000000001,0.9992755000000001,0.9993075000000003,0.9992845,0.9992575000000001,0.9992455000000003,0.9993065000000001,0.9992775,0.9992970000000001
9,0.9997199999999996,0.9997194999999997,0.9997330000000005,0.9997355,0.9996940000000002,0.9997390000000002,0.9997094999999998,0.9997259999999999,0.9997190000000001,0.9996649999999998,0.9996945000000002,0.9997109999999998,0.9997274999999999,0.9997390000000006,0.9997090000000001,0.9997079999999999,0.9997270000000001,0.9996750000000003,0.9996619999999997,0.9997495000000003,0.9997024999999999,0.9997235000000001,0.9997535000000001,0.9997655000000003,0.9997735,0.9997400000000002,0.9997240000000004,0.9997585000000001,0.999754,0.9997460000000001
10,0.9998559999999996,0.9998594999999997,0.9998775000000005,0.9998795,0.9998550000000002,0.9998780000000002,0.9998724999999998,0.9998829999999999,0.9998735000000001,0.9998479999999998,0.9998675000000001,0.9998799999999998,0.9998909999999999,0.9998970000000006,0.9998855000000001,0.9998754999999999,0.9998900000000002,0.9998650000000003,0.9998684999999997,0.9999135000000003,0.999871,0.9998835000000001,0.9998955,0.9999075000000003,0.999911,0.9998915000000002,0.9998785000000003,0.9999020000000001,0.9998995,0.9998925000000002
11,0.9999199999999996,0.9999219999999996,0.9999420000000006,0.99994,0.9999270000000001,0.9999445000000001,0.9999349999999998,0.9999439999999998,0.9999420000000001,0.9999209999999998,0.9999355000000001,0.9999429999999998,0.9999489999999999,0.9999540000000006,0.9999480000000001,0.9999404999999999,0.9999425000000002,0.9999395000000003,0.9999424999999997,0.9999615000000004,0.9999359999999999,0.9999410000000002,0.999951,0.9999560000000003,0.9999574999999999,0.9999515000000001,0.9999410000000003,0.9999585000000001,0.9999605,0.9999535000000002
12,0.9999494999999996,0.9999564999999997,0.9999665000000005,0.9999655000000001,0.9999610000000001,0.9999740000000001,0.9999669999999998,0.9999689999999999,0.9999730000000001,0.9999579999999998,0.9999660000000001,0.9999714999999998,0.9999739999999999,0.9999780000000006,0.9999745000000001,0.9999714999999999,0.9999680000000002,0.9999705000000003,0.9999734999999997,0.9999820000000004,0.9999669999999999,0.9999730000000002,0.9999755,0.9999780000000003,0.9999794999999999,0.9999795000000001,0.9999715000000003,0.9999850000000001,0.9999845,0.9999800000000002
13,0.9999654999999996,0.9999754999999997,0.9999810000000006,0.9999790000000001,0.9999780000000001,0.9999880000000001,0.9999804999999998,0.9999824999999999,0.9999885000000001,0.9999784999999998,0.9999835000000001,0.9999849999999998,0.9999855,0.9999905000000006,0.9999875000000001,0.9999864999999999,0.9999840000000002,0.9999890000000003,0.9999879999999998,0.9999915000000004,0.9999859999999999,0.9999875000000003,0.9999885000000001,0.9999905000000002,0.9999914999999999,0.9999935000000001,0.9999895000000003,0.9999960000000001,0.999994,0.9999925000000002
14,0.9999779999999996,0.9999884999999997,0.9999910000000005,0.999989,0.9999915000000001,0.9999945000000001,0.9999904999999998,0.9999899999999999,0.9999960000000001,0.9999909999999997,0.9999925000000002,0.9999919999999998,0.9999925,0.9999965000000005,0.9999965000000002,0.9999949999999999,0.9999950000000002,0.9999960000000003,0.9999954999999998,0.9999975000000003,0.9999959999999999,0.9999940000000003,0.9999950000000001,0.9999980000000003,0.9999974999999999,0.999998,0.9999955000000003,1.0,0.9999985,0.9999985000000001
15,0.9999864999999996,0.9999944999999997,0.9999965000000005,0.999995,0.9999970000000001,0.9999975000000001,0.9999954999999998,0.999995,0.9999985000000001,0.9999974999999998,0.9999970000000001,0.9999964999999997,0.999996,0.9999990000000005,0.9999995000000002,0.9999989999999999,0.9999995000000002,1.0000000000000002,0.9999989999999999,1.0000000000000002,0.9999984999999999,0.9999975000000003,0.9999990000000001,1.0000000000000002,0.9999999999999999,0.9999995,0.9999990000000003,1.0,0.9999995,1.0000000000000002
16,0.9999929999999996,0.9999974999999997,0.9999985000000005,0.999999,0.9999985000000001,0.9999990000000001,0.9999984999999998,0.9999975,0.9999995000000002,0.9999994999999997,0.9999990000000001,0.9999989999999997,0.9999985,1.0000000000000004,1.0000000000000002,0.9999999999999999,1.0000000000000002,1.0000000000000002,0.9999999999999999,1.0000000000000002,0.9999999999999999,1.0000000000000002,1.0,1.0000000000000002,0.9999999999999999,1.0,1.0000000000000002,1.0,1.0,1.0000000000000002
17,0.9999964999999996,0.9999994999999996,1.0000000000000004,1.0,0.9999995000000002,1.0,0.9999999999999998,0.9999994999999999,1.0000000000000002,0.9999999999999997,1.0,0.9999999999999998,1.0,1.0000000000000004,1.0000000000000002,0.9999999999999999,1.0000000000000002,1.0000000000000002,0.9999999999999999,1.0000000000000002,0.9999999999999999,1.0000000000000002,1.0,1.0000000000000002,0.9999999999999999,1.0,1.0000000000000002,1.0,1.0,1.0000000000000002
18,0.9999984999999996,0.9999999999999996,1.0000000000000004,1.0,1.0000000000000002,1.0,0.9999999999999998,0.9999999999999999,1.0000000000000002,0.9999999999999997,1.0,0.9999999999999998,1.0,1.0000000000000004,1.0000000000000002,0.9999999999999999,1.0000000000000002,1.0000000000000002,0.9999999999999999,1.0000000000000002,0.9999999999999999,1.0000000000000002,1.0,1.0000000000000002,0.9999999999999999,1.0,1.0000000000000002,1.0,1.0,1.0000000000000002
19,0.9999999999999996,0.9999999999999996,1.0000000000000004,1.0,1.0000000000000002,1.0,0.9999999999999998,0.9999999999999999,1.0000000000000002,0.9999999999999997,1.0,0.9999999999999998,1.0,1.0000000000000004,1.0000000000000002,0.9999999999999999,1.0000000000000002,1.0000000000000002,0.9999999999999999,1.0000000000000002,0.9999999999999999,1.0000000000000002,1.0,1.0000000000000002,0.9999999999999999,1.0,1.0000000000000002,1.0,1.0,1.0000000000000002
20,0.9999999999999996,0.9999999999999996,1.0000000000000004,1.0,1.0000000000000002,1.0,0.9999999999999998,0.9999999999999999,1.0000000000000002,0.9999999999999997,1.0,0.9999999999999998,1.0,1.0000000000000004,1.0000000000000002,0.9999999999999999,1.0000000000000002,1.0000000000000002,0.9999999999999999,1.0000000000000002,0.9999999999999999,1.0000000000000002,1.0,1.0000000000000002,0.9999999999999999,1.0,1.0000000000000002,1.0,1.0,1.0000000000000002
21,0.9999999999999996,0.9999999999999996,1.0000000000000004,1.0,1.0000000000000002,1.0,0.9999999999999998,0.9999999999999999,1.0000000000000002,0.9999999999999997,1.0,0.9999999999999998,1.0,1.0000000000000004,1.0000000000000002,0.9999999999999999,1.0000000000000002,1.0000000000000002,0.9999999999999999,1.0000000000000002,0.9999999999999999,1.0000000000000002,1.0,1.0000000000000002,0.9999999999999999,1.0,1.0000000000000002,1.0,1.0,1.0000000000000002
22,0.9999999999999996,0.9999999999999996,1.0000000000000004,1.0,1.0000000000000002,1.0,0.9999999999999998,0.9999999999999999,1.0000000000000002,0.9999999999999997,1.0,0.9999999999999998,1.0,1.0000000000000004,1.0000000000000002,0.9999999999999999,1.0000000000000002,1.0000000000000002,0.9999999999999999,1.0000000000000002,0.9999999999999999,1.0000000000000002,1.0,1.0000000000000002,0.9999999999999999,1.0,1.0000000000000002,1.0,1.0,1.0000000000000002
23,0.9999999999999996,0.9999999999999996,1.0000000000000004,1.0,1.0000000000000002,1.0,0.9999999999999998,0.9999999999999999,1.0000000000000002,0.9999999999999997,1.0,0.9999999999999998,1.0,1.0000000000000004,1.0000000000000002,0.9999999999999999,1.0000000000000002,1.0000000000000002,0.9999999999999999,1.0000000000000002,0.9999999999999999,1.0000000000000002,1.0,1.0000000000000002,0.9999999999999999,1.0,1.0000000000000002,1.0,1.0,1.0000000000000002
24,0.9999999999999996,0.9999999999999996,1.0000000000000004,1.0,1.0000000000000002,1.0,0.9999999999999998,0.9999999999999999,1.0000000000000002,0.9999999999999997,1.0,0.9999999999999998,1.0,1.0000000000000004,1.0000000000000002,0.9999999999999999,1.0000000000000002,1.0000000000000002,0.9999999999999999,1.0000000000000002,0.9999999999999999,1.0000000000000002,1.0,1.0000000000000002,0.9999999999999999,1.0,1.0000000000000002,1.0,1.0,1.0000000000000002
25,0.9999999999999996,0.9999999999999996,1.0000000000000004,1.0,1.0000000000000002,1.0,0.9999999999999998,0.9999999999999999,1.0000000000000002,0.9999999999999997,1.0,0.9999999999999998,1.0,1.0000000000000004,1.0000000000000002,0.9999999999999999,1.0000000000000002,1.0000000000000002,0.9999999999999999,1.0000000000000002,0.9999999999999999,1.0000000000000002,1.0,1.0000000000000002,0.9999999999999999,1.0,1.0000000000000002,1.0,1.0,1.0000000000000002
26,0.9999999999999996,0.9999999999999996,1.0000000000000004,1.0,1.0000000000000002,1.0,0.9999999999999998,0.9999999999999999,1.0000000000000002,0.9999999999999997,1.0,0.9999999999999998,1.0,1.0000000000000004,1.0000000000000002,0.9999999999999999,1.0000000000000002,1.0000000000000002,0.9999999999999999,1.0000000000000002,0.9999999999999999,1.0000000000000002,1.0,1.0000000000000002,0.9999999999999999,1.0,1.0000000000000002,1.0,1.0,1.0000000000000002
27,0.9999999999999996,0.9999999999999996,1.0000000000000004,1.0,1.0000000000000002,1.0,0.9999999999999998,0.9999999999999999,1.0000000000000002,0.9999999999999997,1.0,0.9999999999999998,1.0,1.0000000000000004,1.0000000000000002,0.9999999999999999,1.0000000000000002,1.0000000000000002,0.9999999999999999,1.0000000000000002,0.9999999999999999,1.0000000000000002,1.0,1.0000000000000002,0.9999999999999999,1.0,1.0000000000000002,1.0,1.0,1.0000000000000002
28,0.9999999999999996,0.9999999999999996,1.0000000000000004,1.0,1.0000000000000002,1.0,0.9999999999999998,0.9999999999999999,1.0000000000000002,0.9999999999999997,1.0,0.9999999999999998,1.0,1.0000000000000004,1.0000000000000002,0.9999999999999999,1.0000000000000002,1.0000000000000002,0.9999999999999999,1.0000000000000002,0.9999999999999999,1.0000000000000002,1.0,1.0000000000000002,0.9999999999999999,1.0,1.0000000000000002,1.0,1.0,1.0000000000000002
29,0.9999999999999996,0.9999999999999996,1.0000000000000004,1.0,1.0000000000000002,1.0,0.9999999999999998,0.9999999999999999,1.0000000000000002,0.9999999999999997,1.0,0.9999999999999998,1.0,1.0000000000000004,1.0000000000000002,0.9999999999999999,1.0000000000000002,1.0000000000000002,0.9999999999999999,1.0000000000000002,0.9999999999999999,1.0000000000000002,1.0,1.0000000000000002,0.9999999999999999,1.0,1.0000000000000002,1.0,1.0,1.0000000000000002
30,0.9999999999999996,0.9999999999999996,1.0000000000000004,1.0,1.0000000000000002,1.0,0.9999999999999998,0.9999999999999999,1.0000000000000002,0.9999999999999997,1.0,0.9999999999999998,1.0,1.0000000000000004,1.0000000000000002,0.9999999999999999,1.0000000000000002,1.0000000000000002,0.9999999999999999,1.0000000000000002,0.9999999999999999,1.0000000000000002,1.0,1.0000000000000002,0.9999999999999999,1.0,1.0000000000000002,1.0,1.0,1.0000000000000002
31,0.9999999999999996,0.9999999999999996,1.0000000000000004,1.0,1.0000000000000002,1.0,0.9999999999999998,0.9999999999999999,1.0000000000000002,0.9999999999999997,1.0,0.9999999999999998,1.0,1.0000000000000004,1.0000000000000002,0.9999999999999999,1.0000000000000002,1.0000000000000002,0.9999999999999999,1.0000000000000002,0.9999999999999999,1.0000000000000002,1.0,1.0000000000000002,0.9999999999999999,1.0,1.0000000000000002,1.0,1.0,1.0000000000000002
32,0.9999999999999996,0.9999999999999996,1.0000000000000004,1.0,1.0000000000000002,1.0,0.9999999999999998,0.9999999999999999,1.0000000000000002,0.9999999999999997,1.0,0.9999999999999998,1.0,1.0000000000000004,1.0000000000000002,0.9999999999999999,1.0000000000000002,1.0000000000000002,0.9999999999999999,1.0000000000000002,0.9999999999999999,1.0000000000000002,1.0,1.0000000000000002,0.9999999999999999,1.0,1.0000000000000002,1.0,1.0,1.0000000000000002
33,0.9999999999999996,0.9999999999999996,1.0000000000000004,1.0,1.0000000000000002,1.0,0.9999999999999998,0.9999999999999999,1.0000000000000002,0.9999999999999997,1.0,0.9999999999999998,1.0,1.0000000000000004,1.0000000000000002,0.9999999999999999,1.0000000000000002,1.0000000000000002,0.9999999999999999,1.0000000000000002,0.9999999999999999,1.0000000000000002,1.0,1.0000000000000002,0.9999999999999999,1.0,1.0000000000000002,1.0,1.0,1.0000000000000002
34,0.9999999999999996,0.9999999999999996,1.0000000000000004,1.0,1.0000000000000002,1.0,0.9999999999999998,0.9999999999999999,1.0000000000000002,0.9999999999999997,1.0,0.9999999999999998,1.0,1.0000000000000004,1.0000000000000002,0.9999999999999999,1.0000000000000002,1.0000000000000002,0.9999999999999999,1.0000000000000002,0.9999999999999999,1.0000000000000002,1.0,1.0000000000000002,0.9999999999999999,1.0,1.0000000000000002,1.0,1.0,1.0000000000000002
35,0.9999999999999996,0.9999999999999996,1.0000000000000004,1.0,1.0000000000000002,1.0,0.9999999999999998,0.9999999999999999,1.0000000000000002,0.9999999999999997,1.0,0.9999999999999998,1.0,1.0000000000000004,1.0000000000000002,0.9999999999999999,1.0000000000000002,1.0000000000000002,0.9999999999999999,1.0000000000000002,0.9999999999999999,1.0000000000000002,1.0,1.0000000000000002,0.9999999999999999,1.0,1.0000000000000002,1.0,1.0,1.0000000000000002
36,0.9999999999999996,0.9999999999999996,1.0000000000000004,1.0,1.0000000000000002,1.0,0.9999999999999998,0.9999999999999999,1.0000000000000002,0.9999999999999997,1.0,0.9999999999999998,1.0,1.0000000000000004,1.0000000000000002,0.9999999999999999,1.0000000000000002,1.0000000000000002,0.9999999999999999,1.0000000000000002,0.9999999999999999,1.0000000000000002,1.0,1.0000000000000002,0.9999999999999999,1.0,1.0000000000000002,1.0,1.0,1.0000000000000002
37,0.9999999999999996,0.9999999999999996,1.0000000000000004,1.0,1.0000000000000002,1.0,0.9999999999999998,0.9999999999999999,1.0000000000000002,0.9999999999999997,1.0,0.9999999999999998,1.0,1.0000000000000004,1.0000000000000002,0.9999999999999999,1.0000000000000002,1.0000000000000002,0.9999999999999999,1.0000000000000002,0.9999999999999999,1.0000000000000002,1.0,1.0000000000000002,0.9999999999999999,1.0,1.0000000000000002,1.0,1.0,1.0000000000000002
38,0.9999999999999996,0.9999999999999996,1.0000000000000004,1.0,1.0000000000000002,1.0,0.9999999999999998,0.9999999999999999,1.0000000000000002,0.9999999999999997,1.0,0.9999999999999998,1.0,1.0000000000000004,1.0000000000000002,0.9999999999999999,1.0000000000000002,1.0000000000000002,0.9999999999999999,1.0000000000000002,0.9999999999999999,1.0000000000000002,1.0,1.0000000000000002,0.9999999999999999,1.0,1.0000000000000002,1.0,1.0,1.0000000000000002
39,0.9999999999999996,0.9999999999999996,1.0000000000000004,1.0,1.0000000000000002,1.0,0.9999999999999998,0.9999999999999999,1.0000000000000002,0.9999999999999997,1.0,0.9999999999999998,1.0,1.0000000000000004,1.0000000000000002,0.9999999999999999,1.0000000000000002,1.0000000000000002,0.9999999999999999,1.0000000000000002,0.9999999999999999,1.0000000000000002,1.0,1.0000000000000002,0.9999999999999999,1.0,1.0000000000000002,1.0,1.0,1.0000000000000002
40,0.9999999999999996,0.9999999999999996,1.0000000000000004,1.0,1.0000000000000002,1.0,0.9999999999999998,0.9999999999999999,1.0000000000000002,0.9999999999999997,1.0,0.9999999999999998,1.0,1.0000000000000004,1.0000000000000002,0.9999999999999999,1.0000000000000002,1.0000000000000002,0.9999999999999999,1.0000000000000002,0.9999999999999999,1.0000000000000002,1.0,1.0000000000000002,0.9999999999999999,1.0,1.0000000000000002,1.0,1.0,1.0000000000000002
41,0.9999999999999996,0.9999999999999996,1.0000000000000004,1.0,1.0000000000000002,1.0,0.9999999999999998,0.9999999999999999,1.0000000000000002,0.9999999999999997,1.0,0.9999999999999998,1.0,1.0000000000000004,1.0000000000000002,0.9999999999999999,1.0000000000000002,1.0000000000000002,0.9999999999999999,1.0000000000000002,0.9999999999999999,1.0000000000000002,1.0,1.0000000000000002,0.9999999999999999,1.0,1.0000000000000002,1.0,1.0,1.0000000000000002
42,0.9999999999999996,0.9999999999999996,1.0000000000000004,1.0,1.0000000000000002,1.0,0.9999999999999998,0.9999999999999999,1.0000000000000002,0.9999999999999997,1.0,0.9999999999999998,1.0,1.0000000000000004,1.0000000000000002,0.9999999999999999,1.0000000000000002,1.0000000000000002,0.9999999999999999,1.0000000000000002,0.9999999999999999,1.0000000000000002,1.0,1.0000000000000002,0.9999999999999999,1.0,1.0000000000000002,1.0,1.0,1.0000000000000002
43,0.9999999999999996,0.9999999999999996,1.0000000000000004,1.0,1.0000000000000002,1.0,0.9999999999999998,0.9999999999999999,1.0000000000000002,0.9999999999999997,1.0,0.9999999999999998,1.0,1.0000000000000004,1.0000000000000002,0.9999999999999999,1.0000000000000002,1.0000000000000002,0.9999999999999999,1.0000000000000002,0.9999999999999999,1.0000000000000002,1.0,1.0000000000000002,0.9999999999999999,1.0,1.0000000000000002,1.0,1.0,1.0000000000000002
44,0.9999999999999996,0.9999999999999996,1.0000000000000004,1.0,1.0000000000000002,1.0,0.9999999999999998,0.9999999999999999,1.0000000000000002,0.9999999999999997,1.0,0.9999999999999998,1.0,1.0000000000000004,1.0000000000000002,0.9999999999999999,1.0000000000000002,1.0000000000000002,0.9999999999999999,1.0000000000000002,0.9999999999999999,1.0000000000000002,1.0,1.0000000000000002,0.9999999999999999,1.0,1.0000000000000002,1.0,1.0,1.0000000000000002
45,0.9999999999999996,0.9999999999999996,1.0000000000000004,1.0,1.0000000000000002,1.0,0.9999999999999998,0.9999999999999999,1.0000000000000002,0.9999999999999997,1.0,0.9999999999999998,1.0,1.0000000000000004,1.0000000000000002,0.9999999999999999,1.0000000000000002,1.0000000000000002,0.9999999999999999,1.0000000000000002,0.9999999999999999,1.0000000000000002,1.0,1.0000000000000002,0.9999999999999999,1.0,1.0000000000000002,1.0,1.0,1.0000000000000002
46,0.9999999999999996,0.9999999999999996,1.0000000000000004,1.0,1.0000000000000002,1.0,0.9999999999999998,0.9999999999999999,1.0000000000000002,0.9999999999999997,1.0,0.9999999999999998,1.0,1.0000000000000004,1.0000000000000002,0.9999999999999999,1.0000000000000002,1.0000000000000002,0.9999999999999999,1.0000000000000002,0.9999999999999999,1.0000000000000002,1.0,1.0000000000000002,0.9999999999999999,1.0,1.0000000000000002,1.0,1.0,1.0000000000000002
47,0.9999999999999996,0.9999999999999996,1.0000000000000004,1.0,1.0000000000000002,1.0,0.9999999999999998,0.9999999999999999,1.0000000000000002,0.9999999999999997,1.0,0.9999999999999998,1.0,1.0000000000000004,1.0000000000000002,0.9999999999999999,1.0000000000000002,1.0000000000000002,0.9999999999999999,1.0000000000000002,0.9999999999999999,1.0000000000000002,1.0,1.0000000000000002,0.9999999999999999,1.0,1.0000000000000002,1.0,1.0,1.0000000000000002
48,0.9999999999999996,0.9999999999999996,1.0000000000000004,1.0,1.0000000000000002,1.0,0.9999999999999998,0.9999999999999999,1.0000000000000002,0.9999999999999997,1.0,0.9999999999999998,1.0,1.0000000000000004,1.0000000000000002,0.9999999999999999,1.0000000000000002,1.0000000000000002,0.9999999999999999,1.0000000000000002,0.9999999999999999,1.0000000000000002,1.0,1.0000000000000002,0.9999999999999999,1.0,1.0000000000000002,1.0,1.0,1.0000000000000002
49,0.9999999999999996,0.9999999999999996,1.0000000000000004,1.0,1.0000000000000002,1.0,0.9999999999999998,0.9999999999999999,1.0000000000000002,0.9999999999999997,1.0,0.9999999999999998,1.0,1.0000000000000004,1.0000000000000002,0.9999999999999999,1.0000000000000002,1.0000000000000002,0.9999999999999999,1.0000000000000002,0.9999999999999999,1.0000000000000002,1.0,1.0000000000000002,0.9999999999999999,1.0,1.0000000000000002,1.0,1.0,1.0000000000000002
50,0.9999999999999996,0.9999999999999996,1.0000000000000004,1.0,1.0000000000000002,1.0,0.9999999999999998,0.9999999999999999,1.0000000000000002,0.9999999999999997,1.0,0.9999999999999998,1.0,1.0000000000000004,1.0000000000000002,0.9999999999999999,1.0000000000000002,1.0000000000000002,0.9999999999999999,1.0000000000000002,0.9999999999999999,1.0000000000000002,1.0,1.0000000000000002,0.9999999999999999,1.0,1.0000000000000002,1.0,1.0,1.0000000000000002
51,0.9999999999999996,0.9999999999999996,1.0000000000000004,1.0,1.0000000000000002,1.0,0.9999999999999998,0.9999999999999999,1.0000000000000002,0.9999999999999997,1.0,0.9999999999999998,1.0,1.0000000000000004,1.0000000000000002,0.9999999999999999,1.0000000000000002,1.0000000000000002,0.9999999999999999,1.0000000000000002,0.9999999999999999,1.0000000000000002,1.0,1.0000000000000002,0.9999999999999999,1.0,1.0000000000000002,1.0,1.0,1.0000000000000002
52,0.9999999999999996,0.9999999999999996,1.0000000000000004,1.0,1.0000000000000002,1.0,0.9999999999999998,0.9999999999999999,1.0000000000000002,0.9999999999999997,1.0,0.9999999999999998,1.0,1.0000000000000004,1.0000000000000002,0.9999999999999999,1.0000000000000002,1.0000000000000002,0.9999999999999999,1.0000000000000002,0.9999999999999999,1.0000000000000002,1.0,1.0000000000000002,0.9999999999999999,1.0,1.0000000000000002,1.0,1.0,1.0000000000000002
53,0.9999999999999996,0.9999999999999996,1.0000000000000004,1.0,1.0000000000000002,1.0,0.9999999999999998,0.9999999999999999,1.0000000000000002,0.9999999999999997,1.0,0.9999999999999998,1.0,1.0000000000000004,1.0000000000000002,0.9999999999999999,1.0000000000000002,1.0000000000000002,0.9999999999999999,1.0000000000000002,0.9999999999999999,1.0000000000000002,1.0,1.0000000000000002,0.9999999999999999,1.0,1.0000000000000002,1.0,1.0,1.0000000000000002
54,0.9999999999999996,0.9999999999999996,1.0000000000000004,1.0,1.0000000000000002,1.0,0.9999999999999998,0.9999999999999999,1.0000000000000002,0.9999999999999997,1.0,0.9999999999999998,1.0,1.0000000000000004,1.0000000000000002,0.9999999999999999,1.0000000000000002,1.0000000000000002,0.9999999999999999,1.0000000000000002,0.9999999999999999,1.0000000000000002,1.0,1.0000000000000002,0.9999999999999999,1.0,1.0000000000000002,1.0,1.0,1.0000000000000002
55,0.9999999999999996,0.9999999999999996,1.0000000000000004,1.0,1.0000000000000002,1.0,0.9999999999999998,0.9999999999999999,1.0000000000000002,0.9999999999999997,1.0,0.9999999999999998,1.0,1.0000000000000004,1.0000000000000002,0.9999999999999999,1.0000000000000002,1.0000000000000002,0.9999999999999999,1.0000000000000002,0.9999999999999999,1.0000000000000002,1.0,1.0000000000000002,0.9999999999999999,1.0,1.0000000000000002,1.0,1.0,1.0000000000000002
56,0.9999999999999996,0.9999999999999996,1.0000000000000004,1.0,1.0000000000000002,1.0,0.9999999999999998,0.9999999999999999,1.0000000000000002,0.9999999999999997,1.0,0.9999999999999998,1.0,1.0000000000000004,1.0000000000000002,0.9999999999999999,1.0000000000000002,1.0000000000000002,0.9999999999999999,1.0000000000000002,0.9999999999999999,1.0000000000000002,1.0,1.0000000000000002,0.9999999999999999,1.0,1.0000000000000002,1.0,1.0,1.0000000000000002
57,0.9999999999999996,0.9999999999999996,1.0000000000000004,1.0,1.0000000000000002,1.0,0.9999999999999998,0.9999999999999999,1.0000000000000002,0.9999999999999997,1.0,0.9999999999999998,1.0,1.0000000000000004,1.0000000000000002,0.9999999999999999,1.0000000000000002,1.0000000000000002,0.9999999999999999,1.0000000000000002,0.9999999999999999,1.0000000000000002,1.0,1.0000000000000002,0.9999999999999999,1.0,1.0000000000000002,1.0,1.0,1.0000000000000002
58,0.9999999999999996,0.9999999999999996,1.0000000000000004,1.0,1.0000000000000002,1.0,0.9999999999999998,0.9999999999999999,1.0000000000000002,0.9999999999999997,1.0,0.9999999999999998,1.0,1.0000000000000004,1.0000000000000002,0.9999999999999999,1.0000000000000002,1.0000000000000002,0.9999999999999999,1.0000000000000002,0.9999999999999999,1.0000000000000002,1.0,1.0000000000000002,0.9999999999999999,1.0,1.0000000000000002,1.0,1.0,1.0000000000000002
59,0.9999999999999996,0.9999999999999996,1.0000000000000004,1.0,1.0000000000000002,1.0,0.9999999999999998,0.9999999999999999,1.0000000000000002,0.9999999999999997,1.0,0.9999999999999998,1.0,1.0000000000000004,1.0000000000000002,0.9999999999999999,1.0000000000000002,1.0000000000000002,0.9999999999999999,1.0000000000000002,0.9999999999999999,1.0000000000000002,1.0,1.0000000000000002,0.9999999999999999,1.0,1.0000000000000002,1.0,1.0,1.0000000000000002
60,0.9999999999999996,0.9999999999999996,1.0000000000000004,1.0,1.0000000000000002,1.0,0.9999999999999998,0.9999999999999999,1.0000000000000002,0.9999999999999997,1.0,0.9999999999999998,1.0,1.0000000000000004,1.0000000000000002,0.9999999999999999,1.0000000000000002,1.0000000000000002,0.9999999999999999,1.0000000000000002,0.9999999999999999,1.0000000000000002,1.0,1.0000000000000002,0.9999999999999999,1.0,1.0000000000000002,1.0,1.0,1.0000000000000002
61,0.9999999999999996,0.9999999999999996,1.0000000000000004,1.0,1.0000000000000002,1.0,0.9999999999999998,0.9999999999999999,1.0000000000000002,0.9999999999999997,1.0,0.9999999999999998,1.0,1.0000000000000004,1.0000000000000002,0.9999999999999999,1.0000000000000002,1.0000000000000002,0.9999999999999999,1.0000000000000002,0.9999999999999999,1.0000000000000002,1.0,1.0000000000000002,0.9999999999999999,1.0,1.0000000000000002,1.0,1.0,1.0000000000000002
62,0.9999999999999996,0.9999999999999996,1.0000000000000004,1.0,1.0000000000000002,1.0,0.9999999999999998,0.9999999999999999,1.0000000000000002,0.9999999999999997,1.0,0.9999999999999998,1.0,1.0000000000000004,1.0000000000000002,0.9999999999999999,1.0000000000000002,1.0000000000000002,0.9999999999999999,1.0000000000000002,0.9999999999999999,1.0000000000000002,1.0,1.0000000000000002,0.9999999999999999,1.0,1.0000000000000002,1.0,1.0,1.0000000000000002
63,0.9999999999999996,0.9999999999999996,1.0000000000000004,1.0,1.0000000000000002,1.0,0.9999999999999998,0.9999999999999999,1.0000000000000002,0.9999999999999997,1.0,0.9999999999999998,1.0,1.0000000000000004,1.0000000000000002,0.9999999999999999,1.0000000000000002,1.0000000000000002,0.9999999999999999,1.0000000000000002,0.9999999999999999,1.0000000000000002,1.0,1.0000000000000002,0.9999999999999999,1.0,1.0000000000000002,1.0,1.0,1.0000000000000002
64,0.9999999999999996,0.9999999999999996,1.0000000000000004,1.0,1.0000000000000002,1.0,0.9999999999999998,0.9999999999999999,1.0000000000000002,0.9999999999999997,1.0,0.9999999999999998,1.0,1.0000000000000004,1.0000000000000002,0.9999999999999999,1.0000000000000002,1.0000000000000002,0.9999999999999999,1.0000000000000002,0.9999999999999999,1.0000000000000002,1.0,1.0000000000000002,0.9999999999999999,1.0,1.0000000000000002,1.0,1.0,1.0000000000000002
65,0.9999999999999996,0.9999999999999996,1.0000000000000004,1.0,1.0000000000000002,1.0,0.9999999999999998,0.9999999999999999,1.0000000000000002,0.9999999999999997,1.0,0.9999999999999998,1.0,1.0000000000000004,1.0000000000000002,0.9999999999999999,1.0000000000000002,1.0000000000000002,0.9999999999999999,1.0000000000000002,0.9999999999999999,1.0000000000000002,1.0,1.0000000000000002,0.9999999999999999,1.0,1.0000000000000002,1.0,1.0,1.0000000000000002
66,0.9999999999999996,0.9999999999999996,1.0000000000000004,1.0,1.0000000000000002,1.0,0.9999999999999998,0.9999999999999999,1.0000000000000002,0.9999999999999997,1.0,0.9999999999999998,1.0,1.0000000000000004,1.0000000000000002,0.9999999999999999,1.0000000000000002,1.0000000000000002,0.9999999999999999,1.0000000000000002,0.9999999999999999,1.0000000000000002,1.0,1.0000000000000002,0.9999999999999999,1.0,1.0000000000000002,1.0,1.0,1.0000000000000002
67,0.9999999999999996,0.9999999999999996,1.0000000000000004,1.0,1.0000000000000002,1.0,0.9999999999999998,0.9999999999999999,1.0000000000000002,0.9999999999999997,1.0,0.9999999999999998,1.0,1.0000000000000004,1.0000000000000002,0.9999999999999999,1.0000000000000002,1.0000000000000002,0.9999999999999999,1.0000000000000002,0.9999999999999999,1.0000000000000002,1.0,1.0000000000000002,0.9999999999999999,1.0,1.0000000000000002,1.0,1.0,1.0000000000000002
68,0.9999999999999996,0.9999999999999996,1.0000000000000004,1.0,1.0000000000000002,1.0,0.9999999999999998,0.9999999999999999,1.0000000000000002,0.9999999999999997,1.0,0.9999999999999998,1.0,1.0000000000000004,1.0000000000000002,0.9999999999999999,1.0000000000000002,1.0000000000000002,0.9999999999999999,1.0000000000000002,0.9999999999999999,1.0000000000000002,1.0,1.0000000000000002,0.9999999999999999,1.0,1.0000000000000002,1.0,1.0,1.0000000000000002
69,0.9999999999999996,0.9999999999999996,1.0000000000000004,1.0,1.0000000000000002,1.0,0.9999999999999998,0.9999999999999999,1.0000000000000002,0.9999999999999997,1.0,0.9999999999999998,1.0,1.0000000000000004,1.0000000000000002,0.9999999999999999,1.0000000000000002,1.0000000000000002,0.9999999999999999,1.0000000000000002,0.9999999999999999,1.0000000000000002,1.0,1.0000000000000002,0.9999999999999999,1.0,1.0000000000000002,1.0,1.0,1.0000000000000002
70,0.9999999999999996,0.9999999999999996,1.0000000000000004,1.0,1.0000000000000002,1.0,0.9999999999999998,0.9999999999999999,1.0000000000000002,0.9999999999999997,1.0,0.9999999999999998,1.0,1.0000000000000004,1.0000000000000002,0.9999999999999999,1.0000000000000002,1.0000000000000002,0.9999999999999999,1.0000000000000002,0.9999999999999999,1.0000000000000002,1.0,1.0000000000000002,0.9999999999999999,1.0,1.0000000000000002,1.0,1.0,1.0000000000000002
71,0.9999999999999996,0.9999999999999996,1.0000000000000004,1.0,1.0000000000000002,1.0,0.9999999999999998,0.9999999999999999,1.0000000000000002,0.9999999999999997,1.0,0.9999999999999998,1.0,1.0000000000000004,1.0000000000000002,0.9999999999999999,1.0000000000000002,1.0000000000000002,0.9999999999999999,1.0000000000000002,0.9999999999999999,1.0000000000000002,1.0,1.0000000000000002,0.9999999999999999,1.0,1.0000000000000002,1.0,1.0,1.0000000000000002
72,0.9999999999999996,0.9999999999999996,1.0000000000000004,1.0,1.0000000000000002,1.0,0.9999999999999998,0.9999999999999999,1.0000000000000002,0.9999999999999997,1.0,0.9999999999999998,1.0,1.0000000000000004,1.0000000000000002,0.9999999999999999,1.0000000000000002,1.0000000000000002,0.9999999999999999,1.0000000000000002,0.9999999999999999,1.0000000000000002,1.0,1.0000000000000002,0.9999999999999999,1.0,1.0000000000000002,1.0,1.0,1.0000000000000002
73,0.9999999999999996,0.9999999999999996,1.0000000000000004,1.0,1.0000000000000002,1.0,0.9999999999999998,0.9999999999999999,1.0000000000000002,0.9999999999999997,1.0,0.9999999999999998,1.0,1.0000000000000004,1.0000000000000002,0.9999999999999999,1.0000000000000002,1.0000000000000002,0.9999999999999999,1.0000000000000002,0.9999999999999999,1.0000000000000002,1.0,1.0000000000000002,0.9999999999999999,1.0,1.0000000000000002,1.0,1.0,1.0000000000000002
74,0.9999999999999996,0.9999999999999996,1.0000000000000004,1.0,1.0000000000000002,1.0,0.9999999999999998,0.9999999999999999,1.0000000000000002,0.9999999999999997,1.0,0.9999999999999998,1.0,1.0000000000000004,1.0000000000000002,0.9999999999999999,1.0000000000000002,1.0000000000000002,0.9999999999999999,1.0000000000000002,0.9999999999999999,1.0000000000000002,1.0,1.0000000000000002,0.9999999999999999,1.0,1.0000000000000002,1.0,1.0,1.0000000000000002
75,0.9999999999999996,0.9999999999999996,1.0000000000000004,1.0,1.0000000000000002,1.0,0.9999999999999998,0.9999999999999999,1.0000000000000002,0.9999999999999997,1.0,0.9999999999999998,1.0,1.0000000000000004,1.0000000000000002,0.9999999999999999,1.0000000000000002,1.0000000000000002,0.9999999999999999,1.0000000000000002,0.9999999999999999,1.0000000000000002,1.0,1.0000000000000002,0.9999999999999999,1.0,1.0000000000000002,1.0,1.0,1.0000000000000002
76,0.9999999999999996,0.9999999999999996,1.0000000000000004,1.0,1.0000000000000002,1.0,0.9999999999999998,0.9999999999999999,1.0000000000000002,0.9999999999999997,1.0,0.9999999999999998,1.0,1.0000000000000004,1.0000000000000002,0.9999999999999999,1.0000000000000002,1.0000000000000002,0.9999999999999999,1.0000000000000002,0.9999999999999999,1.0000000000000002,1.0,1.0000000000000002,0.9999999999999999,1.0,1.0000000000000002,1.0,1.0,1.0000000000000002
77,0.9999999999999996,0.9999999999999996,1.0000000000000004,1.0,1.0000000000000002,1.0,0.9999999999999998,0.9999999999999999,1.0000000000000002,0.9999999999999997,1.0,0.9999999999999998,1.0,1.0000000000000004,1.0000000000000002,0.9999999999999999,1.0000000000000002,1.0000000000000002,0.9999999999999999,1.0000000000000002,0.9999999999999999,1.0000000000000002,1.0,1.0000000000000002,0.9999999999999999,1.0,1.0000000000000002,1.0,1.0,1.0000000000000002
78,0.9999999999999996,0.9999999999999996,1.0000000000000004,1.0,1.0000000000000002,1.0,0.9999999999999998,0.9999999999999999,1.0000000000000002,0.9999999999999997,1.0,0.9999999999999998,1.0,1.0000000000000004,1.0000000000000002,0.9999999999999999,1.0000000000000002,1.0000000000000002,0.9999999999999999,1.0000000000000002,0.9999999999999999,1.0000000000000002,1.0,1.0000000000000002,0.9999999999999999,1.0,1.0000000000000002,1.0,1.0,1.0000000000000002
79,0.9999999999999996,0.9999999999999996,1.0000000000000004,1.0,1.0000000000000002,1.0,0.9999999999999998,0.9999999999999999,1.0000000000000002,0.9999999999999997,1.0,0.9999999999999998,1.0,1.0000000000000004,1.0000000000000002,0.9999999999999999,1.0000000000000002,1.0000000000000002,0.9999999999999999,1.0000000000000002,0.9999999999999999,1.0000000000000002,1.0,1.0000000000000002,0.9999999999999999,1.0,1.0000000000000002,1.0,1.0,1.0000000000000002
80,0.9999999999999996,0.9999999999999996,1.0000000000000004,1.0,1.0000000000000002,1.0,0.9999999999999998,0.9999999999999999,1.0000000000000002,0.9999999999999997,1.0,0.9999999999999998,1.0,1.0000000000000004,1.0000000000000002,0.9999999999999999,1.0000000000000002,1.0000000000000002,0.9999999999999999,1.0000000000000002,0.9999999999999999,1.0000000000000002,1.0,1.0000000000000002,0.9999999999999999,1.0,1.0000000000000002,1.0,1.0,1.0000000000000002
81,0.9999999999999996,0.9999999999999996,1.0000000000000004,1.0,1.0000000000000002,1.0,0.9999999999999998,0.9999999999999999,1.0000000000000002,0.9999999999999997,1.0,0.9999999999999998,1.0,1.0000000000000004,1.0000000000000002,0.9999999999999999,1.0000000000000002,1.0000000000000002,0.9999999999999999,1.0000000000000002,0.9999999999999999,1.0000000000000002,1.0,1.0000000000000002,0.9999999999999999,1.0,1.0000000000000002,1.0,1.0,1.0000000000000002
82,0.9999999999999996,0.9999999999999996,1.0000000000000004,1.0,1.0000000000000002,1.0,0.9999999999999998,0.9999999999999999,1.0000000000000002,0.9999999999999997,1.0,0.9999999999999998,1.0,1.0000000000000004,1.0000000000000002,0.9999999999999999,1.0000000000000002,1.0000000000000002,0.9999999999999999,1.0000000000000002,0.9999999999999999,1.0000000000000002,1.0,1.0000000000000002,0.9999999999999999,1.0,1.0000000000000002,1.0,1.0,1.0000000000000002
83,0.9999999999999996,0.9999999999999996,1.0000000000000004,1.0,1.0000000000000002,1.0,0.9999999999999998,0.9999999999999999,1.0000000000000002,0.9999999999999997,1.0,0.9999999999999998,1.0,1.0000000000000004,1.0000000000000002,0.9999999999999999,1.0000000000000002,1.0000000000000002,0.9999999999999999,1.0000000000000002,0.9999999999999999,1.0000000000000002,1.0,1.0000000000000002,0.9999999999999999,1.0,1.0000000000000002,1.0,1.0,1.0000000000000002
84,0.9999999999999996,0.9999999999999996,1.0000000000000004,1.0,1.0000000000000002,1.0,0.9999999999999998,0.9999999999999999,1.0000000000000002,0.9999999999999997,1.0,0.9999999999999998,1.0,1.0000000000000004,1.0000000000000002,0.9999999999999999,1.0000000000000002,1.0000000000000002,0.9999999999999999,1.0000000000000002,0.9999999999999999,1.0000000000000002,1.0,1.0000000000000002,0.9999999999999999,1.0,1.0000000000000002,1.0,1.0,1.0000000000000002
85,0.9999999999999996,0.9999999999999996,1.0000000000000004,1.0,1.0000000000000002,1.0,0.9999999999999998,0.9999999999999999,1.0000000000000002,0.9999999999999997,1.0,0.9999999999999998,1.0,1.0000000000000004,1.0000000000000002,0.9999999999999999,1.0000000000000002,1.0000000000000002,0.9999999999999999,1.0000000000000002,0.9999999999999999,1.0000000000000002,1.0,1.0000000000000002,0.9999999999999999,1.0,1.0000000000000002,1.0,1.0,1.0000000000000002
86,0.9999999999999996,0.9999999999999996,1.0000000000000004,1.0,1.0000000000000002,1.0,0.9999999999999998,0.9999999999999999,1.0000000000000002,0.9999999999999997,1.0,0.9999999999999998,1.0,1.0000000000000004,1.0000000000000002,0.9999999999999999,1.0000000000000002,1.0000000000000002,0.9999999999999999,1.0000000000000002,0.9999999999999999,1.0000000000000002,1.0,1.0000000000000002,0.9999999999999999,1.0,1.0000000000000002,1.0,1.0,1.0000000000000002
87,0.9999999999999996,0.9999999999999996,1.0000000000000004,1.0,1.0000000000000002,1.0,0.9999999999999998,0.9999999999999999,1.0000000000000002,0.9999999999999997,1.0,0.9999999999999998,1.0,1.0000000000000004,1.0000000000000002,0.9999999999999999,1.0000000000000002,1.0000000000000002,0.9999999999999999,1.0000000000000002,0.9999999999999999,1.0000000000000002,1.0,1.0000000000000002,0.9999999999999999,1.0,1.0000000000000002,1.0,1.0,1.0000000000000002
88,0.9999999999999996,0.9999999999999996,1.0000000000000004,1.0,1.0000000000000002,1.0,0.9999999999999998,0.9999999999999999,1.0000000000000002,0.9999999999999997,1.0,0.9999999999999998,1.0,1.0000000000000004,1.0000000000000002,0.9999999999999999,1.0000000000000002,1.0000000000000002,0.9999999999999999,1.0000000000000002,0.9999999999999999,1.0000000000000002,1.0,1.0000000000000002,0.9999999999999999,1.0,1.0000000000000002,1.0,1.0,1.0000000000000002
89,0.9999999999999996,0.9999999999999996,1.0000000000000004,1.0,1.0000000000000002,1.0,0.9999999999999998,0.9999999999999999,1.0000000000000002,0.9999999999999997,1.0,0.9999999999999998,1.0,1.0000000000000004,1.0000000000000002,0.9999999999999999,1.0000000000000002,1.0000000000000002,0.9999999999999999,1.0000000000000002,0.9999999999999999,1.0000000000000002,1.0,1.0000000000000002,0.9999999999999999,1.0,1.0000000000000002,1.0,1.0,1.0000000000000002
90,0.9999999999999996,0.9999999999999996,1.0000000000000004,1.0,1.0000000000000002,1.0,0.9999999999999998,0.9999999999999999,1.0000000000000002,0.9999999999999997,1.0,0.9999999999999998,1.0,1.0000000000000004,1.0000000000000002,0.9999999999999999,1.0000000000000002,1.0000000000000002,0.9999999999999999,1.0000000000000002,0.9999999999999999,1.0000000000000002,1.0,1.0000000000000002,0.9999999999999999,1.0,1.0000000000000002,1.0,1.0,1.0000000000000002
91,0.9999999999999996,0.9999999999999996,1.0000000000000004,1.0,1.0000000000000002,1.0,0.9999999999999998,0.9999999999999999,1.0000000000000002,0.9999999999999997,1.0,0.9999999999999998,1.0,1.0000000000000004,1.0000000000000002,0.9999999999999999,1.0000000000000002,1.0000000000000002,0.9999999999999999,1.0000000000000002,0.9999999999999999,1.0000000000000002,1.0,1.0000000000000002,0.9999999999999999,1.0,1.0000000000000002,1.0,1.0,1.0000000000000002
92,0.9999999999999996,0.9999999999999996,1.0000000000000004,1.0,1.0000000000000002,1.0,0.9999999999999998,0.9999999999999999,1.0000000000000002,0.9999999999999997,1.0,0.9999999999999998,1.0,1.0000000000000004,1.0000000000000002,0.9999999999999999,1.0000000000000002,1.0000000000000002,0.9999999999999999,1.0000000000000002,0.9999999999999999,1.0000000000000002,1.0,1.0000000000000002,0.9999999999999999,1.0,1.0000000000000002,1.0,1.0,1.0000000000000002
93,0.9999999999999996,0.9999999999999996,1.0000000000000004,1.0,1.0000000000000002,1.0,0.9999999999999998,0.9999999999999999,1.0000000000000002,0.9999999999999997,1.0,0.9999999999999998,1.0,1.0000000000000004,1.0000000000000002,0.9999999999999999,1.0000000000000002,1.0000000000000002,0.9999999999999999,1.0000000000000002,0.9999999999999999,1.0000000000000002,1.0,1.0000000000000002,0.9999999999999999,1.0,1.0000000000000002,1.0,1.0,1.0000000000000002
94,0.9999999999999996,0.9999999999999996,1.0000000000000004,1.0,1.0000000000000002,1.0,0.9999999999999998,0.9999999999999999,1.0000000000000002,0.9999999999999997,1.0,0.9999999999999998,1.0,1.0000000000000004,1.0000000000000002,0.9999999999999999,1.0000000000000002,1.0000000000000002,0.9999999999999999,1.0000000000000002,0.9999999999999999,1.0000000000000002,1.0,1.0000000000000002,0.9999999999999999,1.0,1.0000000000000002,1.0,1.0,1.0000000000000002
95,0.9999999999999996,0.9999999999999996,1.0000000000000004,1.0,1.0000000000000002,1.0,0.9999999999999998,0.9999999999999999,1.0000000000000002,0.9999999999999997,1.0,0.9999999999999998,1.0,1.0000000000000004,1.0000000000000002,0.9999999999999999,1.0000000000000002,1.0000000000000002,0.9999999999999999,1.0000000000000002,0.9999999999999999,1.0000000000000002,1.0,1.0000000000000002,0.9999999999999999,1.0,1.0000000000000002,1.0,1.0,1.0000000000000002
96,0.9999999999999996,0.9999999999999996,1.0000000000000004,1.0,1.0000000000000002,1.0,0.9999999999999998,0.9999999999999999,1.0000000000000002,0.9999999999999997,1.0,0.9999999999999998,1.0,1.0000000000000004,1.0000000000000002,0.9999999999999999,1.0000000000000002,1.0000000000000002,0.9999999999999999,1.0000000000000002,0.9999999999999999,1.0000000000000002,1.0,1.0000000000000002,0.9999999999999999,1.0,1.0000000000000002,1.0,1.0,1.0000000000000002
97,0.9999999999999996,0.9999999999999996,1.0000000000000004,1.0,1.0000000000000002,1.0,0.9999999999999998,0.9999999999999999,1.0000000000000002,0.9999999999999997,1.0,0.9999999999999998,1.0,1.0000000000000004,1.0000000000000002,0.9999999999999999,1.0000000000000002,1.0000000000000002,0.9999999999999999,1.0000000000000002,0.9999999999999999,1.0000000000000002,1.0,1.0000000000000002,0.9999999999999999,1.0,1.0000000000000002,1.0,1.0,1.0000000000000002
98,0.9999999999999996,0.9999999999999996,1.0000000000000004,1.0,1.0000000000000002,1.0,0.9999999999999998,0.9999999999999999,1.0000000000000002,0.9999999999999997,1.0,0.9999999999999998,1.0,1.0000000000000004,1.0000000000000002,0.9999999999999999,1.0000000000000002,1.0000000000000002,0.9999999999999999,1.0000000000000002,0.9999999999999999,1.0000000000000002,1.0,1.0000000000000002,0.9999999999999999,1.0,1.0000000000000002,1.0,1.0,1.0000000000000002
99,0.9999999999999996,0.9999999999999996,1.0000000000000004,1.0,1.0000000000000002,1.0,0.9999999999999998,0.9999999999999999,1.0000000000000002,0.9999999999999997,1.0,0.9999999999999998,1.0,1.0000000000000004,1.0000000000000002,0.9999999999999999,1.0000000000000002,1.0000000000000002,0.9999999999999999,1.0000000000000002,0.9999999999999999,1.0000000000000002,1.0,1.0000000000000002,0.9999999999999999,1.0,1.0000000000000002,1.0,1.0,1.0000000000000002
100,0.9999999999999996,0.9999999999999996,1.0000000000000004,1.0,1.0000000000000002,1.0,0.9999999999999998,0.9999999999999999,1.0000000000000002,0.9999999999999997,1.0,0.9999999999999998,1.0,1.0000000000000004,1.0000000000000002,0.9999999999999999,1.0000000000000002,1.0000000000000002,0.9999999999999999,1.0000000000000002,0.9999999999999999,1.0000000000000002,1.0,1.0000000000000002,0.9999999999999999,1.0,1.0000000000000002,1.0,1.0,1.0000000000000002
